,City,Cloudiness,Country,Date,Humidity,Lat,Lng,Max Temp,Wind Speed
0,Solhan,40,TR,1541291640,61,38.97,41.05,46.4,4.7
1,Isangel,76,VU,1541292463,100,-19.55,169.27,75.66,17.58
2,Cape Town,75,ZA,1541289600,87,-33.93,18.42,60.8,16.11
3,Ribeira Grande,64,PT,1541292463,99,38.52,-28.7,68.01,18.52
4,Rikitea,44,PF,1541292175,95,-23.12,-134.97,75.26,21.43
5,Pevek,80,RU,1541292463,100,69.7,170.27,12.12,4.88
6,Yulara,8,AU,1541289600,23,-25.24,130.99,87.8,10.29
7,Hobart,75,AU,1541291400,51,-42.88,147.33,59.0,14.99
8,Morgan City,1,US,1541290500,80,29.7,-91.21,64.04,5.82
9,Itarema,0,BR,1541292464,81,-2.92,-39.92,78.68,15.17
10,Port Alfred,8,ZA,1541292464,68,-33.59,26.89,71.66,19.15
11,Barrow,0,AR,1541292282,63,-38.31,-60.23,59.06,5.55
12,Dikson,36,RU,1541292455,97,73.51,80.55,23.78,17.58
13,Punta Arenas,75,CL,1541289600,71,-53.16,-70.91,53.6,17.22
14,Pisco,40,PE,1541289600,82,-13.71,-76.2,66.2,16.11
15,Padang,32,ID,1541292465,100,-0.92,100.36,81.56,5.1
16,Talnakh,64,RU,1541292188,79,69.49,88.39,-1.29,2.53
17,Hithadhoo,64,MV,1541292323,100,-0.6,73.08,81.96,3.53
18,San Patricio,92,PY,1541291869,98,-26.98,-56.83,70.8,3.27
19,Busselton,0,AU,1541292453,100,-33.64,115.35,62.34,11.59
20,Lebu,0,ET,1541292465,81,8.96,38.73,41.91,2.26
21,Smithers,90,CA,1541289600,100,54.78,-127.17,41.0,4.7
22,Santa Maria,20,BR,1541289600,100,-29.69,-53.81,64.4,4.7
23,Butaritari,0,KI,1541292465,100,3.07,172.79,84.39,7.56
24,Zaraza,68,VE,1541292466,90,9.35,-65.33,75.48,3.6
25,Wajima,75,JP,1541289600,87,37.4,136.9,57.2,4.7
26,Aklavik,20,CA,1541289600,77,68.22,-135.01,5.0,4.54
27,Poum,20,MK,1541291807,86,41.28,20.71,39.71,1.81
28,Iqaluit,75,CA,1541289600,72,63.75,-68.52,15.8,10.29
29,Hermanus,88,ZA,1541292450,67,-34.42,19.24,59.64,4.21
30,Srednekolymsk,80,RU,1541292216,76,67.46,153.71,-3.5,4.5
31,Tremedal,64,BR,1541292466,85,-14.98,-41.41,69.63,4.99
32,Kongsberg,92,NO,1541290800,93,59.67,9.65,48.2,17.22
33,Hasaki,75,JP,1541289600,77,35.73,140.83,59.0,3.36
34,Ushuaia,75,AR,1541289600,54,-54.81,-68.31,53.6,16.11
35,Atlantis,75,ZA,1541289600,87,-33.57,18.5,60.8,16.11
36,Celestun,20,MX,1541291912,97,20.87,-90.4,81.11,20.38
37,Severo-Kurilsk,68,RU,1541292468,93,50.68,156.12,43.94,7.78
38,Bambous Virieux,40,MU,1541289600,83,-20.34,57.76,71.6,5.82
39,Ravar,8,IR,1541292468,73,31.27,56.81,27.33,2.82
40,Torbay,40,CA,1541289600,93,47.66,-52.73,60.8,19.46
41,Atuona,0,PF,1541292460,100,-9.8,-139.03,80.39,12.59
42,Caravelas,8,BR,1541292469,100,-17.73,-39.27,77.96,18.19
43,Albany,90,US,1541290740,67,42.65,-73.75,44.96,12.75
44,Linhai,88,CN,1541292469,97,28.86,121.14,63.06,3.6
45,Grindavik,20,IS,1541289600,74,63.84,-22.43,33.8,21.92
46,Yeppoon,0,AU,1541291400,51,-23.13,150.74,84.2,5.82
47,Rabo de Peixe,20,PT,1541291400,88,37.8,-25.58,62.6,4.7
48,Jamestown,68,AU,1541292458,50,-33.21,138.6,77.51,6.29
49,Norman Wells,20,CA,1541289600,84,65.28,-126.83,6.8,8.05
50,Mutoko,8,ZW,1541292470,74,-17.4,32.23,64.91,9.64
51,Pangnirtung,76,CA,1541291895,100,66.15,-65.72,13.29,0.85
52,Keti Bandar,0,PK,1541292470,100,24.14,67.45,79.49,5.28
53,Mataura,92,NZ,1541292441,87,-46.19,168.86,48.57,24.96
54,Kaitangata,76,NZ,1541292452,92,-46.28,169.85,47.36,27.76
55,Avarua,75,CK,1541289600,69,-21.21,-159.78,77.0,13.87
56,Muzhi,76,RU,1541292471,91,65.4,64.7,14.24,3.31
57,Bilibino,48,RU,1541292471,67,68.06,166.44,-2.01,2.3
58,Kodiak,90,US,1541289180,71,39.95,-94.76,53.96,9.17
59,Thompson,90,CA,1541289600,92,55.74,-97.86,21.2,5.82
60,Lagoa,0,PT,1541291400,93,37.14,-8.45,55.4,2.24
61,Hofn,92,IS,1541291789,100,64.25,-15.21,38.31,27.76
62,Dunkirk,0,FR,1541290800,80,51.03,2.38,42.8,6.93
63,Deputatskiy,56,RU,1541292472,43,69.3,139.9,-15.24,2.59
64,Ekhabi,80,RU,1541291877,84,53.51,142.97,30.12,22.21
65,Goundam,0,ML,1541292472,37,16.42,-3.66,78.41,12.33
66,Kruisfontein,0,ZA,1541291879,70,-34.0,24.73,65.09,11.14
67,Husavik,12,CA,1541292472,99,50.56,-96.99,28.01,2.98
68,La Ronge,90,CA,1541289600,92,55.1,-105.3,30.2,9.17
69,Mitu,68,IR,1541292473,54,36.2,46.09,42.18,3.71
70,Bastia,0,IT,1541290800,67,44.6,8.98,62.6,10.29
71,Santa Cruz,1,US,1541289360,39,36.97,-122.03,82.4,4.7
72,Qom,0,IR,1541292474,93,34.64,50.88,39.48,2.19
73,Ilulissat,80,GL,1541289000,72,69.22,-51.1,17.6,18.34
74,Narsaq,0,GL,1541289000,41,60.91,-46.05,23.0,4.7
75,Kapaa,75,US,1541289360,63,22.08,-159.32,84.02,14.99
76,Manzhouli,8,CN,1541292476,59,49.6,117.43,0.51,2.98
77,Kempsey,8,AU,1541292476,86,-31.08,152.84,75.3,7.78
78,Souillac,32,FR,1541291400,93,45.6,-0.6,42.8,3.36
79,Vaini,56,IN,1541292477,95,15.34,74.49,71.34,3.6
80,Saint George,20,GR,1541289000,82,39.45,22.34,55.4,3.36
81,Saint-Philippe,75,CA,1541290500,91,45.36,-73.48,39.38,27.51
82,Longyearbyen,20,NO,1541289000,68,78.22,15.63,28.4,29.97
83,Umba,64,RU,1541292477,100,66.69,34.34,37.14,9.53
84,Vysokogornyy,76,RU,1541292478,73,50.1,139.13,23.91,3.76
85,Walvis Bay,92,NA,1541292478,100,-22.95,14.51,60.0,6.62
86,Lompoc,1,US,1541289480,65,34.64,-120.46,82.4,9.17
87,Novonukutskiy,48,RU,1541292478,57,53.7,102.71,18.96,4.83
88,Kavieng,48,PG,1541292478,100,-2.57,150.8,84.12,8.08
89,Puerto Ayora,75,EC,1541289600,69,-0.74,-90.35,77.0,9.17
90,Ballina,80,IE,1541292479,95,54.11,-9.15,49.2,22.84
91,Fuerte Olimpo,32,BR,1541292479,95,-21.04,-57.87,77.46,3.49
92,Carnarvon,56,ZA,1541292479,39,-30.97,22.13,69.9,11.81
93,Nizwa,0,OM,1541292479,55,22.93,57.53,55.5,2.98
94,Ahipara,0,NZ,1541292479,75,-35.17,173.16,64.46,18.07
95,Sao Filipe,12,CV,1541291884,94,14.9,-24.5,78.41,15.61
96,Lethem,24,GY,1541292480,88,3.38,-59.8,79.13,4.54
97,Buchanan,75,LR,1541291400,94,5.88,-10.05,77.0,7.23
98,Tessalit,0,ML,1541292260,34,20.2,1.01,66.71,4.21
99,Tabou,76,CI,1541292480,100,4.42,-7.36,79.13,4.21
100,Qaanaaq,20,GL,1541292480,100,77.48,-69.36,2.85,8.34
101,Seymchan,80,RU,1541291915,89,62.93,152.39,3.03,16.8
102,Kyzyl-Suu,56,KG,1541292480,100,42.34,78.0,25.49,8.86
103,Mount Gambier,92,AU,1541291883,78,-37.83,140.78,60.18,6.73
104,Tuatapere,80,NZ,1541292444,100,-46.13,167.69,48.84,26.87
105,Sri Aman,75,MY,1541289600,94,1.24,111.46,77.0,1.12
106,Roura,0,GF,1541289600,83,4.73,-52.33,78.8,1.12
107,Bandarbeyla,92,SO,1541291884,100,9.49,50.81,79.13,14.83
108,Lewiston,75,US,1541289360,66,46.42,-117.02,55.04,3.36
109,Saint-Joseph,90,FR,1541289600,82,43.56,6.97,66.2,3.36
110,San Policarpo,80,PH,1541292481,100,12.18,125.51,79.76,6.85
111,Solnechnyy,32,RU,1541292481,59,50.72,136.64,22.47,4.88
112,Salalah,0,OM,1541289000,60,17.01,54.1,75.2,3.36
113,Cascais,20,PT,1541291400,87,38.7,-9.42,57.2,2.24
114,Bluff,0,AU,1541292482,46,-23.58,149.07,84.44,6.78
115,Fortuna,0,ES,1541291400,76,38.18,-1.13,51.8,5.82
116,Nadym,0,RU,1541291882,49,65.53,72.51,-2.33,2.26
117,Balao,64,EC,1541292482,91,-2.91,-79.82,73.73,4.05
118,Hamilton,75,CA,1541289600,80,43.26,-79.87,42.8,9.17
119,Moron,92,VE,1541292483,92,10.49,-68.2,71.61,2.86
120,Albuquerque,20,US,1541290500,22,35.08,-106.65,55.94,13.87
121,Coquimbo,0,CL,1541289600,87,-29.95,-71.34,55.4,5.82
122,Tuktoyaktuk,75,CA,1541289600,84,69.44,-133.03,1.4,8.05
123,Lyskovo,92,RU,1541292483,94,56.03,45.04,40.02,16.84
124,Bjornevatn,68,NO,1541290800,94,69.67,29.98,32.0,2.24
125,Yatou,40,CM,1541289600,94,3.63,9.81,77.0,2.24
126,Mar del Plata,0,AR,1541292484,50,-46.43,-67.52,60.09,18.63
127,Geraldton,90,CA,1541290380,86,49.72,-86.95,28.4,8.05
128,New Norfolk,75,AU,1541291400,51,-42.78,147.06,59.0,14.99
129,Khatanga,76,RU,1541292484,85,71.98,102.47,4.83,12.82
130,Bambanglipuro,100,ID,1541292484,99,-7.95,110.28,74.22,2.98
131,Meulaboh,64,ID,1541292484,100,4.14,96.13,76.65,4.54
132,Oparino,92,RU,1541292484,98,59.85,48.28,38.22,5.39
133,Synya,88,RU,1541292485,91,65.37,58.04,26.93,4.27
134,Turukhansk,76,RU,1541292485,77,65.8,87.96,2.22,5.5
135,Oda,75,JP,1541289600,71,35.19,132.5,53.6,8.05
136,San Quintin,20,PH,1541289600,94,17.54,120.52,78.8,2.24
137,Maglie,75,IT,1541290800,93,40.12,18.3,64.4,1.12
138,Le Port,36,FR,1541292486,79,42.87,1.37,19.28,1.19
139,Klaksvik,92,FO,1541290800,87,62.23,-6.59,48.2,23.04
140,Leningradskiy,76,RU,1541292460,97,69.38,178.42,28.77,14.67
141,Tulum,75,MX,1541289120,88,20.21,-87.46,78.8,3.36
142,Sorland,92,NO,1541292486,100,67.67,12.69,47.49,34.54
143,Omboue,92,GA,1541292460,100,-1.57,9.26,79.49,8.12
144,Yaan,56,NG,1541292486,92,7.38,8.57,73.77,8.08
145,Sambava,76,MG,1541292487,100,-14.27,50.17,74.4,3.83
146,Chhabra,0,IN,1541292487,70,24.67,76.85,66.89,2.82
147,Mayen,0,DE,1541290800,86,50.33,7.22,41.0,4.7
148,Carutapera,56,BR,1541292487,79,-1.2,-46.02,81.74,9.35
149,Mapiripan,0,CO,1541292487,82,2.89,-72.13,78.0,6.85
150,East London,68,ZA,1541292487,89,-33.02,27.91,71.43,28.43
151,Khargone,88,IN,1541292488,69,21.82,75.61,73.86,2.04
152,Pochutla,75,MX,1541288400,66,15.74,-96.47,86.0,5.82
153,Flinders,48,AU,1541289600,44,-34.58,150.85,75.2,9.17
154,Macusani,56,PE,1541292488,100,-14.07,-70.43,52.17,1.81
155,Cap Malheureux,40,MU,1541289600,83,-19.98,57.61,71.6,5.82
156,Luderitz,48,NA,1541289600,72,-26.65,15.16,60.8,9.17
157,Maniitsoq,68,GL,1541292489,100,65.42,-52.9,11.76,7.29
158,Teya,75,MX,1541288940,94,21.05,-89.07,73.4,11.41
159,Najran,0,SA,1541289600,52,17.54,44.22,64.4,1.7
160,Buala,92,SB,1541292489,90,-8.15,159.59,83.09,10.09
161,Chokurdakh,44,RU,1541291897,60,70.62,147.9,-12.5,4.54
162,Baykit,56,RU,1541292489,71,61.68,96.39,11.76,10.36
163,Cayenne,0,GF,1541289600,83,4.94,-52.33,78.8,1.12
164,Richards Bay,0,ZA,1541292481,81,-28.77,32.06,62.39,13.15
165,Port Elizabeth,20,US,1541289360,54,39.31,-74.98,55.04,6.93
166,Arraial do Cabo,12,BR,1541292490,83,-22.97,-42.02,77.19,20.04
167,Marsh Harbour,76,BS,1541292453,100,26.54,-77.06,79.8,8.01
168,Kieta,76,PG,1541291897,100,-6.22,155.63,82.32,5.5
169,Tiksi,68,RU,1541292491,70,71.64,128.87,-1.83,9.57
170,Tagusao,12,PH,1541292491,91,9.19,117.81,83.09,5.88
171,Ponta do Sol,68,BR,1541291909,93,-20.63,-46.0,65.85,2.86
172,Voskresenskoye,92,RU,1541292491,99,56.84,45.43,42.18,7.52
173,Berlevag,92,NO,1541292492,100,70.86,29.09,36.56,4.72
174,Faanui,8,PF,1541292492,100,-16.48,-151.75,82.01,6.29
175,Roald,36,NO,1541290800,62,62.58,6.12,57.2,16.11
176,Xichang,20,CN,1541292492,91,27.88,102.25,33.68,1.3
177,Nikolskoye,40,RU,1541289600,86,59.7,30.79,41.0,13.42
178,Graaff-Reinet,80,ZA,1541292493,24,-32.25,24.53,62.16,7.0
179,Guane,80,CU,1541292493,79,22.2,-84.09,79.98,6.51
180,Biltine,0,TD,1541292445,57,14.53,20.93,64.19,3.76
181,Provideniya,44,RU,1541292493,100,64.42,-173.23,35.39,5.73
182,Pontes e Lacerda,0,BR,1541292419,81,-15.23,-59.33,78.9,4.21
183,Beringovskiy,88,RU,1541292494,100,63.05,179.32,32.01,9.13
184,Denpasar,76,ID,1541292494,100,-8.65,115.22,75.39,1.86
185,Alofi,0,NU,1541289600,57,-19.06,-169.92,77.0,14.99
186,Bredasdorp,100,ZA,1541289600,55,-34.53,20.04,64.4,4.7
187,Chuy,20,UY,1541292488,95,-33.69,-53.46,57.66,4.27
188,Englewood,75,US,1541291700,42,39.65,-104.99,46.4,11.41
189,Ostrovnoy,88,RU,1541292494,100,68.05,39.51,32.19,3.38
190,Buraydah,40,SA,1541289600,100,26.33,43.97,60.8,8.05
191,Pleszew,44,PL,1541292495,96,51.9,17.79,44.25,8.63
192,Yellowknife,90,CA,1541289600,85,62.45,-114.38,14.0,10.29
193,Auki,8,NG,1541292495,59,12.18,6.51,65.67,3.6
194,Lithgow,40,AU,1541291400,53,-33.48,150.16,77.0,10.29
195,Vila Velha,75,BR,1541289600,78,-3.71,-38.6,80.6,13.87
196,Esperance,20,TT,1541289600,88,10.24,-61.45,78.8,4.99
197,Ariguani,56,CO,1541292495,93,10.25,-74.0,71.07,0.69
198,Yumen,32,CN,1541292469,70,40.29,97.04,17.61,2.75
199,Sept-Iles,90,CA,1541289600,93,50.2,-66.38,35.6,10.29
200,Entre Rios,88,BR,1541291899,87,-11.94,-38.08,77.64,9.86
201,Young,0,UY,1541292496,56,-32.7,-57.63,70.98,7.85
202,Ancud,92,CL,1541292215,97,-41.87,-73.83,53.43,20.6
203,Bethel,40,US,1541289180,72,60.79,-161.76,32.0,6.93
204,Cherskiy,24,RU,1541292477,78,68.75,161.3,-7.73,2.86
205,Port Macquarie,75,AU,1541289600,78,-31.43,152.91,73.4,11.41
206,Boras,75,SE,1541290800,93,57.72,12.94,42.8,11.41
207,Zemio,64,CF,1541292215,93,5.02,25.13,69.23,2.26
208,Sioux City,90,US,1541290500,93,42.5,-96.41,42.8,9.17
209,Port Lincoln,64,AU,1541292497,84,-34.72,135.86,64.14,4.54
210,Hoi An,40,VN,1541291400,78,15.88,108.33,80.6,1.12
211,Mwanza,68,TZ,1541292498,100,-2.52,32.9,67.16,5.77
212,Verkhoyansk,48,RU,1541292498,54,67.55,133.39,-19.25,2.3
213,Sao Gabriel da Cachoeira,36,BR,1541292498,90,-0.13,-67.09,78.27,2.08
214,Hilo,40,US,1541289360,69,19.71,-155.08,82.04,11.41
215,Portlethen,40,GB,1541290800,87,57.05,-2.13,51.8,17.22
216,Palembang,88,ID,1541292499,99,-2.99,104.76,74.4,4.09
217,Gunupur,56,IN,1541292499,97,19.07,83.81,66.98,2.04
218,Amga,64,RU,1541292499,56,60.89,131.98,11.31,9.64
219,Aras,0,YE,1541292499,75,14.28,44.38,38.13,2.04
220,Hue,75,VN,1541291400,100,16.47,107.58,75.2,1.12
221,Saskylakh,64,RU,1541292500,81,71.97,114.09,-1.92,3.31
222,Bowen,40,AU,1541286000,58,-20.01,148.25,82.4,8.05
223,Biak,0,ID,1541292500,79,-0.91,122.88,84.08,2.75
224,Paamiut,0,GL,1541292500,100,61.99,-49.67,29.85,12.26
225,Port Hardy,90,CA,1541289600,100,50.7,-127.42,50.0,13.87
226,Nemuro,0,JP,1541289600,54,43.32,145.57,57.2,3.36
227,Viedma,24,AR,1541292217,42,-40.81,-62.99,64.86,11.65
228,Aksu,90,KZ,1541289600,92,52.04,76.93,28.4,3.2
229,Petropavlovsk-Kamchatskiy,40,RU,1541289600,87,53.05,158.65,39.2,4.47
230,Sur,0,OM,1541292501,100,22.57,59.53,76.88,16.58
231,Guerrero Negro,0,MX,1541292502,51,27.97,-114.04,76.74,8.3
232,Zeerust,0,ZA,1541289600,55,-25.54,26.07,62.6,17.22
233,Nara,75,JP,1541289600,67,34.68,135.8,64.4,1.12
234,Hosanagara,24,IN,1541292502,100,13.92,75.07,70.08,2.48
235,Mahebourg,40,MU,1541289600,83,-20.41,57.7,71.6,5.82
236,Vanimo,68,PG,1541292502,100,-2.67,141.3,81.06,12.66
237,Murgab,0,TM,1541289600,80,37.5,61.97,30.2,2.59
238,Xingyi,0,CN,1541292503,93,24.19,102.82,47.31,4.27
239,Awjilah,0,LY,1541292503,83,29.14,21.3,55.59,2.86
240,Gibsons,90,CA,1541290560,93,49.4,-123.51,51.8,10.29
241,Gazli,0,UZ,1541292503,78,40.13,63.45,23.06,4.72
242,Great Bend,90,US,1541289360,65,38.36,-98.78,51.08,16.11
243,Sitka,68,US,1541292476,49,37.17,-99.65,57.75,17.69
244,North Bend,1,US,1541289360,89,43.41,-124.22,55.04,4.7
245,Trois-Rivieres,92,CA,1541292410,96,46.35,-72.55,40.02,26.93
246,Kutum,0,SD,1541292504,36,14.2,24.66,60.09,7.78
247,Mocajuba,56,BR,1541292504,85,-2.58,-49.5,76.88,4.05
248,Karla,20,EE,1541290800,100,59.37,24.93,39.2,3.36
249,Georgetown,20,GY,1541289600,88,6.8,-58.16,78.8,5.06
250,Airai,0,TL,1541292458,66,-8.93,125.41,79.58,2.26
251,Miri,76,NG,1541292505,61,10.31,9.75,70.49,2.3
252,Fairbanks,1,US,1541289480,76,64.84,-147.72,17.96,3.38
253,Almeirim,20,PT,1541291400,87,39.21,-8.63,57.2,2.24
254,Nanortalik,0,GL,1541292505,96,60.14,-45.24,31.2,28.66
255,Nosy Varika,92,MG,1541292505,100,-20.58,48.53,68.69,5.88
256,Yar-Sale,0,RU,1541292505,100,66.83,70.83,3.89,0.51
257,Douglas,1,US,1541289360,17,31.34,-109.55,71.96,12.75
258,Castro,92,CL,1541292450,98,-42.48,-73.76,52.13,13.67
259,Northam,92,GB,1541289000,87,51.04,-4.21,53.6,12.75
260,Nouadhibou,36,MR,1541289600,88,20.93,-17.03,66.2,11.41
261,Toowoomba,0,AU,1541289600,38,-27.56,151.95,87.8,12.75
262,Machachi,75,EC,1541289600,71,-0.51,-78.57,57.2,6.93
263,Qaqortoq,0,GL,1541289000,41,60.72,-46.03,23.0,4.7
264,Mandalgovi,0,MN,1541292507,81,45.76,106.27,10.32,3.27
265,Nortelandia,44,BR,1541292508,88,-14.45,-56.8,77.78,4.72
266,Sharjah,0,AE,1541289600,31,25.36,55.39,77.0,10.29
267,Novikovo,0,UA,1541292508,100,45.05,34.56,35.43,3.04
268,Heihe,0,RU,1541289600,48,50.24,127.51,19.4,8.95
269,Abonnema,48,NG,1541292509,97,4.71,6.79,73.19,2.82
270,Balikpapan,76,ID,1541292509,100,-1.24,116.86,78.68,3.6
271,Saldanha,0,PT,1541292463,84,41.42,-6.55,35.79,2.71
272,Wesselsbron,20,ZA,1541292509,48,-27.85,26.36,60.86,14.79
273,Tumarbong,88,PH,1541292509,99,10.38,119.46,84.08,14.56
274,Conceicao da Barra,8,BR,1541292510,92,-18.59,-39.73,77.55,14.67
275,Bahia de Caraquez,40,EC,1541289600,83,-0.6,-80.42,75.2,11.41
276,Susanville,1,US,1541289300,18,40.42,-120.65,62.6,4.7
277,Cidreira,100,BR,1541292483,97,-30.17,-50.22,65.22,9.86
278,Arroyo,20,US,1541289240,69,41.39,-78.88,39.92,6.93
279,Lakeside,75,US,1541291580,83,32.86,-116.92,82.4,5.82
280,Itacoatiara,12,BR,1541292511,89,-3.14,-58.44,79.71,1.81
281,Vila Franca do Campo,20,PT,1541289600,82,37.72,-25.43,64.4,4.7
282,Novyy Urgal,0,RU,1541292511,60,51.07,132.56,12.3,4.61
283,Bud,80,NO,1541290800,93,62.91,6.91,57.2,11.41
284,Kaabong,80,UG,1541292511,84,3.51,34.14,64.28,3.04
285,Abha,40,SA,1541289600,82,18.22,42.5,57.2,1.36
286,Tecoanapa,75,MX,1541288880,83,16.99,-99.26,82.4,6.93
287,Kargasok,68,RU,1541292512,73,59.06,80.87,16.31,5.55
288,Brooks,32,CA,1541292350,74,50.57,-111.89,42.68,7.63
289,Altagracia de Orituco,56,VE,1541292512,66,9.86,-66.38,80.16,12.15
290,Aswan,0,EG,1541292512,95,24.09,32.9,59.24,2.19
291,Fandriana,88,MG,1541292512,98,-20.24,47.38,57.53,3.2
292,Lasa,20,CY,1541291400,59,34.92,32.53,68.0,8.05
293,Itaituba,8,BR,1541292512,93,-4.26,-55.99,76.83,1.81
294,Maicao,44,CO,1541292513,71,11.38,-72.24,84.08,13.33
295,Margate,75,AU,1541291400,51,-43.03,147.26,59.0,14.99
296,Changji,76,CN,1541292513,91,32.07,116.17,53.48,2.71
297,Alta Floresta,0,BR,1541292513,97,-9.87,-56.08,75.3,1.97
298,Matay,0,EG,1541292513,63,28.42,30.79,54.69,6.33
299,Rock Sound,68,BS,1541292513,100,24.9,-76.2,80.43,12.33
300,Ola,40,RU,1541289600,79,59.58,151.3,23.0,4.47
301,Oriximina,44,BR,1541292514,87,-1.77,-55.87,79.58,1.03
302,Kongolo,92,CD,1541292514,100,-5.39,27.0,67.34,2.71
303,Kirakira,92,SB,1541292514,100,-10.46,161.92,78.63,20.04
304,Catuday,0,PH,1541292515,99,16.29,119.81,81.24,4.83
305,Emilio Carranza,92,MX,1541292515,100,19.97,-96.61,69.63,1.7
306,Haicheng,36,CN,1541292515,81,40.85,122.74,40.61,1.97
307,Klamath Falls,75,US,1541289180,34,42.22,-121.78,59.0,2.82
308,Sola,90,NO,1541290800,76,58.89,5.65,51.8,24.16
309,Taguatinga,75,BR,1541289600,94,-15.83,-48.06,68.0,3.36
310,Upernavik,8,GL,1541292487,100,72.79,-56.15,19.5,11.36
311,La Union,48,GT,1541292516,85,14.97,-89.29,72.83,2.19
312,Tual,92,ID,1541292516,100,-5.67,132.75,78.86,8.86
313,Fort Walton Beach,1,US,1541289360,85,30.41,-86.62,62.96,6.85
314,Nicoya,0,CR,1541289600,83,10.15,-85.45,80.6,5.82
315,Zambrano,92,CO,1541292517,98,9.74,-74.82,76.56,3.71
316,Polson,92,US,1541292517,89,47.69,-114.16,37.14,2.37
317,Russell,20,AR,1541289600,26,-33.01,-68.8,78.8,3.36
318,Amposta,24,ES,1541291400,81,40.71,0.58,46.4,3.36
319,Longkou,36,CN,1541292237,100,37.64,120.47,54.11,7.52
320,Kysyl-Syr,64,RU,1541292517,73,63.9,122.77,8.25,6.11
321,Anchorage,75,US,1541289360,51,61.22,-149.89,33.08,6.93
322,Nishihara,75,JP,1541289600,71,35.74,139.53,60.8,4.7
323,Half Moon Bay,75,US,1541289360,49,37.46,-122.43,84.02,14.99
324,Devils Lake,90,US,1541290500,81,48.11,-98.87,35.06,8.05
325,Luanda,88,AO,1541292518,100,-8.83,13.24,75.39,4.54
326,Muros,75,ES,1541291400,100,42.77,-9.06,50.0,3.36
327,Mayna,80,RU,1541292519,67,53.0,91.49,25.62,7.74
328,Cabo San Lucas,5,MX,1541288760,61,22.89,-109.91,78.8,9.17
329,Narimanov,0,RU,1541289600,88,46.69,47.85,33.8,6.71
330,Planaltina,75,BR,1541289600,94,-15.62,-47.66,68.0,3.36
331,Puerto del Rosario,75,ES,1541291400,68,28.5,-13.86,69.8,10.29
332,Kimbe,12,PG,1541292519,98,-5.56,150.15,84.03,2.19
333,Rocha,0,UY,1541292519,94,-34.48,-54.34,56.76,4.5
334,Nantucket,20,US,1541290500,52,41.28,-70.1,53.96,26.4
335,Dunedin,76,NZ,1541292380,71,-45.87,170.5,47.81,20.2
336,Cabimas,88,VE,1541292520,98,10.39,-71.44,81.69,3.53
337,Belaya Gora,88,RU,1541292520,76,68.54,146.19,-7.1,3.49
338,Constitucion,40,MX,1541288460,11,23.99,-104.67,75.2,5.82
339,Borogontsy,56,RU,1541292521,60,62.67,131.17,10.32,10.31
340,Cuauhtemoc,40,MX,1541288400,20,28.72,-111.63,86.0,5.82
341,Mizdah,36,LY,1541292521,73,31.45,12.98,56.94,9.31
342,Lubao,75,PH,1541289600,78,14.94,120.6,86.0,6.93
343,Coihaique,90,CL,1541289600,93,-45.58,-72.07,46.4,7.23
344,West Richland,90,US,1541289180,55,46.3,-119.35,60.08,11.41
345,Homer,75,US,1541289180,67,59.64,-151.54,42.98,6.93
346,Henties Bay,92,NA,1541292523,100,-22.12,14.28,59.1,5.55
347,Seguin,20,US,1541290260,65,29.57,-97.96,73.94,8.05
348,Whakatane,0,NZ,1541292523,87,-37.96,176.99,64.01,20.6
349,Tecate,0,US,1541289300,12,32.57,-116.63,82.4,12.75
350,Palmer,0,AU,1541291400,43,-34.85,139.16,73.4,6.93
351,Santa Rosa,0,AR,1541292527,46,-36.62,-64.29,65.85,8.12
352,Yining,0,CN,1541292528,86,29.04,114.56,53.34,2.3
353,Searcy,1,US,1541289360,77,35.25,-91.74,60.08,4.7
354,Mahajanga,20,MG,1541289600,65,-15.72,46.32,78.8,6.93
355,Praia,0,BR,1541289600,50,-20.25,-43.81,77.0,3.36
356,Dingle,36,PH,1541292528,82,11.0,122.67,81.15,10.92
357,Xining,68,CN,1541292528,87,36.62,101.77,20.94,2.71
358,Lindas,92,NO,1541292529,100,60.74,5.16,46.95,17.07
359,Ban Tak,0,TH,1541292529,88,17.04,99.08,63.15,1.19
360,Tocopilla,0,CL,1541292285,95,-22.09,-70.2,59.82,3.6
361,Cockburn Town,76,TC,1541292447,100,21.46,-71.14,81.78,20.15
362,Auchi,76,NG,1541292530,84,7.07,6.27,76.83,6.11
363,Jennings,1,US,1541290500,73,30.22,-92.66,68.0,12.82
364,Bahia Blanca,0,AR,1541292530,62,-38.72,-62.27,63.15,6.62
365,Mecca,24,SA,1541292531,61,21.43,39.83,67.74,3.31
366,Evansville,40,US,1541289360,66,37.97,-87.56,53.96,6.4
367,Emmett,75,US,1541290500,43,43.87,-116.5,57.92,5.82
368,Adre,0,TD,1541292532,62,13.47,22.2,60.86,2.98
369,Itoman,75,JP,1541291160,94,26.12,127.67,78.8,10.29
370,Gazanjyk,0,TM,1541292532,84,39.24,55.52,21.89,3.98
371,Baisha,0,CN,1541292533,93,19.23,109.45,66.75,2.19
372,Taoudenni,0,ML,1541292533,35,22.68,-3.98,60.59,11.25
373,Nuuk,12,GL,1541289000,72,64.17,-51.74,17.6,4.7
374,Namie,40,JP,1541289600,87,37.52,140.86,57.2,4.5
375,Roebourne,0,AU,1541292533,25,-20.77,117.15,87.68,9.86
376,Westport,92,IE,1541292534,98,53.8,-9.52,49.43,25.93
377,Naryan-Mar,92,RU,1541292534,100,67.67,53.09,26.34,10.54
378,Hervey Bay,0,AU,1541292253,85,-25.3,152.85,77.82,11.77
379,Iranshahr,0,IR,1541289600,16,27.21,60.69,53.6,4.7
380,Boca do Acre,32,BR,1541292534,82,-8.76,-67.39,80.07,2.19
381,Kavaratti,56,IN,1541292534,100,10.57,72.64,81.87,12.77
382,Urrao,92,CO,1541292534,100,6.32,-76.13,62.34,1.52
383,Kishi,12,NG,1541292534,89,9.08,3.85,72.69,6.89
384,Ulaangom,0,MN,1541292535,45,49.98,92.07,-5.34,2.26
385,Touros,100,BR,1541292535,86,-5.2,-35.46,79.44,15.28
386,Methoni,48,GR,1541290800,87,36.82,21.7,55.4,3.36
387,Sinegorye,76,RU,1541292535,76,62.09,150.53,-3.0,2.71
388,Victoria,75,BN,1541291400,88,5.28,115.24,84.2,2.24
389,Broome,12,GB,1541290800,81,52.47,1.45,46.58,10.29
390,Amuntai,24,ID,1541292536,95,-2.42,115.25,77.37,3.04
391,Vestmannaeyjar,0,IS,1541292536,98,63.44,-20.27,36.78,25.37
392,Ulagan,48,RU,1541292536,79,50.63,87.96,-3.05,1.81
393,Zalantun,0,CN,1541292537,41,48.0,122.72,21.21,5.55
394,Campos Belos,56,BR,1541292537,77,-13.04,-46.77,76.43,3.6
395,Marfino,90,RU,1541289600,100,56.07,37.56,46.4,11.18
396,Rincon,1,US,1541290500,90,32.3,-81.24,57.92,5.73
397,Sorata,36,BO,1541292537,97,-15.77,-68.65,56.31,0.96
398,Katsuura,40,JP,1541289600,71,33.93,134.5,57.2,2.24
399,Calama,0,CL,1541289600,16,-22.46,-68.93,62.6,19.46
400,Orzhytsya,32,UA,1541292538,93,49.79,32.7,42.27,5.21
401,Oktyabrskoye,64,RU,1541292538,71,56.73,85.44,14.96,6.55
402,Hovd,40,NO,1541290800,81,63.83,10.7,46.4,18.34
403,Clyde River,90,CA,1541289600,78,70.47,-68.59,8.6,10.29
404,Hassleholm,90,SE,1541290800,100,56.16,13.77,37.4,6.06
405,Sistranda,75,NO,1541289000,81,63.73,8.83,46.4,23.04
406,Mamlyutka,36,KZ,1541292540,82,54.94,68.54,27.24,11.1
407,Juegang,0,CN,1541292540,92,32.31,121.18,63.74,9.86
408,Anadyr,75,RU,1541289600,85,64.73,177.51,24.8,4.47
409,El Alto,75,BO,1541289600,66,-16.5,-68.19,48.2,6.93
410,Alice Springs,0,AU,1541291400,23,-23.7,133.88,96.8,11.41
411,Tasiilaq,56,GL,1541289000,52,65.61,-37.64,19.4,4.7
412,Port Perry,90,CA,1541289600,93,44.1,-78.95,42.8,9.17
413,Great Falls,75,US,1541289480,59,47.5,-111.29,46.22,17.22
414,Andilamena,68,MG,1541292541,85,-17.01,48.57,64.05,2.86
415,Muli,32,IN,1541292542,39,22.62,71.45,71.66,4.76
416,Port Augusta,80,AU,1541289600,39,-32.49,137.76,78.8,8.05
417,Port Blair,0,IN,1541292514,100,11.67,92.75,83.67,13.94
418,Riyadh,75,SA,1541289600,68,24.63,46.72,71.6,6.93
419,Chekmagush,88,RU,1541292542,90,55.14,54.65,34.76,12.15
420,Rae Bareli,100,IN,1541292542,47,26.22,81.25,77.51,1.59
421,Singaraja,76,ID,1541292542,100,-8.11,115.08,75.39,1.86
422,Namibe,20,AO,1541292543,100,-15.19,12.15,70.44,11.36
423,Kukushtan,90,RU,1541289600,93,57.65,56.5,39.2,15.66
424,Luena,56,AO,1541292515,91,-11.78,19.91,65.36,3.04
425,Yichun,8,CN,1541292426,49,47.72,128.88,19.41,3.83
426,Noumea,0,NC,1541291400,39,-22.28,166.46,82.4,12.75
427,Codrington,0,AU,1541292544,62,-28.95,153.24,84.93,5.39
428,Seddon,32,NZ,1541292544,71,-41.67,174.07,59.69,12.88
429,Vardo,1,US,1541290500,45,39.62,-77.74,50.0,3.36
430,Haines Junction,80,CA,1541292544,85,60.75,-137.51,6.0,2.75
431,Qiongshan,48,CN,1541289600,100,20.01,110.35,69.8,2.24
432,Brae,68,GB,1541290800,87,60.4,-1.35,53.6,23.04
433,Kaeo,0,NZ,1541292545,51,-35.1,173.78,70.44,17.92
434,Batemans Bay,8,AU,1541292545,68,-35.71,150.18,69.72,3.87
435,Funadhoo,24,MV,1541292545,100,6.15,73.27,82.77,3.98
436,Kenora,75,CA,1541289600,68,49.76,-94.48,33.8,2.24
437,Morondava,0,MG,1541292545,85,-20.3,44.28,72.83,7.78
438,Ziro,92,IN,1541292545,100,27.54,93.82,52.94,1.86
439,Washougal,90,US,1541289180,71,45.58,-122.35,57.92,2.37
440,Karratha,0,AU,1541292546,25,-20.74,116.85,87.68,9.86
441,Byron Bay,0,AU,1541291400,61,-28.65,153.62,80.6,9.17
442,Xuddur,68,SO,1541292546,55,4.12,43.89,77.78,6.73
443,Umm Bab,8,QA,1541292546,71,25.21,50.81,72.42,5.1
444,Along,92,IN,1541292546,99,28.17,94.8,55.86,1.7
445,Ahuimanu,75,US,1541289420,69,21.44,-157.84,84.92,12.75
446,Goure,12,NE,1541292527,46,13.98,10.27,63.29,2.71
447,Kahului,20,US,1541289360,53,20.89,-156.47,87.08,25.28
448,Rio Gallegos,40,AR,1541289600,41,-51.62,-69.22,59.0,28.86
449,Lubana,48,CD,1541292547,100,0.23,29.1,58.65,1.81
450,Kalmunai,64,LK,1541292547,100,7.42,81.82,70.8,3.31
451,Ostersund,36,SE,1541290800,87,63.18,14.64,35.6,6.93
452,Yerbogachen,76,RU,1541292547,80,61.28,108.01,21.3,8.01
453,Shebalino,44,RU,1541292548,68,51.29,85.68,11.04,3.71
454,Korostyshiv,92,UA,1541292548,92,50.32,29.06,47.58,3.83
455,Neiafu,0,TO,1541292548,100,-18.65,-173.98,75.21,18.63
456,Heinola,75,FI,1541290800,93,61.2,26.03,37.4,6.93
457,Hambantota,56,LK,1541292495,100,6.12,81.12,77.1,4.76
458,Gigmoto,20,PH,1541292549,100,13.78,124.39,81.51,11.1
459,Los Llanos de Aridane,44,ES,1541291400,64,28.66,-17.92,71.6,17.22
460,Kasongo-Lunda,92,CD,1541292549,98,-6.48,16.82,70.71,0.74
461,Ust-Kuyga,32,RU,1541292549,35,70.0,135.55,-23.75,2.86
462,Dayong,64,PH,1541292549,100,11.74,122.04,83.49,17.85
463,Goderich,92,CA,1541292435,86,43.74,-81.71,41.19,12.59
464,Mehamn,88,NO,1541292326,92,71.03,27.85,38.85,11.03
465,Amahai,68,ID,1541292550,100,-3.31,129.0,79.31,4.5
466,Paita,32,PE,1541292550,71,-5.09,-81.11,72.78,11.25
467,Voyvozh,88,RU,1541292550,100,62.89,54.96,32.55,5.88
468,Kodinsk,80,RU,1541292550,71,58.6,99.18,27.6,9.01
469,Manga,12,BF,1541292550,76,11.67,-1.07,73.68,2.71
470,Abu Zabad,0,SD,1541292551,35,12.35,29.25,68.37,8.75
471,Arlit,0,NE,1541292551,29,18.74,7.39,65.22,2.82
472,Porto Novo,90,BR,1541289600,94,-23.68,-45.44,68.0,12.75
473,Buzmeyin,0,TM,1541289600,64,38.05,58.21,33.8,4.7
474,Tarko-Sale,32,RU,1541292551,68,64.92,77.78,7.94,9.64
475,Belgrade,0,RS,1541291400,76,44.82,20.46,55.4,6.93
476,Pangody,24,RU,1541292552,63,65.85,74.49,0.78,3.31
477,Saint-Augustin,56,FR,1541291400,100,44.83,-0.61,41.0,2.24
478,Barcelos,75,PT,1541291400,93,41.53,-8.62,55.4,2.08
479,Innisfail,75,CA,1541289600,93,52.02,-113.95,39.2,2.24
480,Atambua,0,ID,1541292451,94,-9.11,124.89,82.59,5.32
481,Tiarei,40,PF,1541291400,70,-17.53,-149.33,84.2,16.11
482,Camacha,75,PT,1541291400,77,33.08,-16.33,64.4,10.29
483,Khasan,0,RU,1541292553,96,42.43,130.64,51.27,9.35
484,Mezen,92,RU,1541292553,99,65.85,44.24,32.37,2.75
485,Okhotsk,0,RU,1541292443,100,59.36,143.24,16.44,18.14
486,Strezhevoy,90,RU,1541289600,85,60.73,77.6,21.2,6.71
487,Masvingo,0,ZW,1541292554,95,-20.08,30.83,55.59,7.29
488,Kidal,0,ML,1541292554,41,18.44,1.41,68.24,4.54
489,Jiblah,0,YE,1541292554,92,13.92,44.15,43.94,1.59
490,Bushehr,0,IR,1541289120,35,28.97,50.84,73.4,4.7
491,Pingliang,92,CN,1541292555,75,35.54,106.68,34.08,6.78
492,Manacapuru,12,BR,1541292555,88,-3.3,-60.62,79.71,1.86
493,Bilma,0,NE,1541292556,27,18.69,12.92,59.78,2.82
494,Nhamunda,8,BR,1541292556,92,-2.19,-56.71,78.41,1.7
495,Isla Mujeres,75,MX,1541288400,100,21.23,-86.73,77.0,2.24
496,Chicama,75,PE,1541289600,88,-7.84,-79.15,66.2,9.17
497,Udpura,0,IN,1541289600,60,24.73,75.99,68.0,1.12
498,Miquelon,75,PM,1541289600,93,47.1,-56.38,55.4,28.86
499,Mnogovershinnyy,56,RU,1541292557,60,53.94,139.92,24.72,10.65
500,Vila,0,IT,1541290800,93,45.18,8.4,53.6,6.93
501,Florianopolis,40,BR,1541289600,94,-27.6,-48.55,69.8,5.82
502,Dubbo,0,AU,1541291400,33,-32.25,148.6,77.0,3.36
503,Alanya,8,TR,1541292557,100,36.55,32.0,63.29,10.09
504,Paka,90,HR,1541291400,100,45.29,18.06,53.6,1.12
505,Shache,44,CN,1541292558,87,38.42,77.24,23.55,0.29
506,Kudahuvadhoo,36,MV,1541292558,100,2.67,72.89,82.46,5.88
507,Salinopolis,20,BR,1541292519,94,-0.61,-47.36,82.41,13.56
508,Nelson Bay,90,AU,1541291400,73,-32.72,152.14,71.6,8.05
509,Asyut,0,EG,1541292558,71,27.18,31.19,51.09,3.04
510,Obninsk,90,RU,1541289600,93,55.1,36.61,46.4,11.18
511,Terrace,90,CA,1541291520,100,54.52,-128.61,42.8,1.81
512,Inta,80,RU,1541292559,83,66.04,60.13,24.54,4.05
513,Samarinda,80,ID,1541292559,98,-0.5,117.14,77.01,0.02
514,Crotone,64,IT,1541292559,99,39.09,17.12,70.04,18.03
515,Manitouwadge,68,CA,1541292559,82,49.12,-85.84,31.43,5.61
516,Merauke,12,ID,1541292560,69,-8.49,140.4,88.58,11.81
517,Tahe,0,CN,1541292560,66,52.34,124.71,7.53,3.76
518,Lolodorf,92,CM,1541292560,97,3.23,10.73,70.8,2.19
519,Datong,88,CN,1541292560,81,40.09,113.3,32.37,8.79
520,Rodrigues Alves,0,BR,1541289600,83,-7.74,-72.65,78.8,2.24
521,Ust-Tsilma,80,RU,1541292560,99,65.44,52.15,31.11,3.09
522,Tulu Bolo,20,ET,1541292561,86,8.66,38.21,42.23,2.26
523,Zhigansk,80,RU,1541292478,80,66.77,123.37,4.16,7.9
524,Labuhan,8,ID,1541292561,87,-2.54,115.51,78.54,2.04
525,Eirunepe,48,BR,1541292561,63,-6.66,-69.87,82.5,3.71
526,Wamba,92,CD,1541292561,99,2.14,27.99,65.63,2.37
527,Alghero,0,IT,1541290800,77,40.56,8.32,62.6,10.29
528,Tokur,0,RU,1541292561,45,53.13,132.9,9.69,3.76
529,Yumbel,0,CL,1541289600,76,-37.1,-72.56,55.4,5.82
530,Rayachoti,76,IN,1541292562,93,14.06,78.75,65.31,2.86
531,Jasper,0,US,1541291700,100,33.83,-87.28,60.08,5.28
532,Khanpur,0,PK,1541292562,73,28.65,70.66,55.28,3.6
533,Moranbah,0,AU,1541292563,45,-22.0,148.04,84.21,6.4
534,Agadez,0,NE,1541292563,20,16.97,7.99,61.76,3.31
535,Hadejia,0,NG,1541292563,34,12.45,10.04,69.27,6.06
536,The Valley,20,AI,1541289600,78,18.22,-63.06,80.6,17.22
537,Saquena,8,PE,1541292563,60,-4.67,-73.52,85.88,4.32
538,Dwarka,20,IN,1541291400,64,28.58,77.04,68.0,4.7
539,Shitanjing,68,CN,1541292563,79,39.23,106.34,19.73,2.08
540,Zhuhai,40,CN,1541289600,74,40.71,112.04,30.2,8.95
541,Wausau,1,US,1541291700,81,44.96,-89.63,42.08,7.52
542,Edd,0,ER,1541292564,53,13.93,41.69,66.48,2.53
543,Baruun-Urt,0,MN,1541292564,70,46.68,113.28,7.13,7.34
544,Marsala,40,IT,1541290800,87,37.8,12.44,59.0,6.93
545,Kompaniyivka,20,UA,1541292565,81,48.25,32.21,35.07,2.37
546,Kurtamysh,44,RU,1541292566,90,54.91,64.43,29.94,11.88
547,Bay Roberts,40,CA,1541289600,93,47.58,-53.28,60.8,19.46
548,Maloy,56,ID,1541292566,66,1.0,118.1,83.67,2.82
549,Oranjemund,92,ZA,1541292566,95,-28.55,16.43,58.65,19.19
550,Ayr,92,GB,1541290800,82,55.46,-4.63,55.4,19.46
551,Samarai,76,PG,1541292567,100,-10.62,150.67,79.26,12.1
552,Sao Joao da Barra,0,BR,1541292508,95,-21.64,-41.05,77.33,23.4
553,Mirnyy,88,RU,1541292567,98,56.57,36.46,46.46,13.56
554,Savannah Bight,20,HN,1541292567,98,16.45,-85.85,83.18,17.92
555,Rivers,90,CA,1541289600,86,50.03,-100.23,30.2,2.24
556,Rio Brilhante,24,BR,1541292567,89,-21.8,-54.54,74.76,3.76
557,Puerto Colombia,75,CO,1541289600,88,10.99,-74.96,80.6,13.87
558,Progreso,0,UY,1541289600,82,-34.68,-56.22,60.8,4.27
559,Cabra,0,ES,1541291400,93,37.47,-4.43,48.2,2.24
560,Kosonsoy,40,UZ,1541289600,93,41.25,71.55,37.4,2.24
561,Mabaruma,76,GY,1541292522,97,8.2,-59.78,77.51,4.27
562,Ketchikan,90,US,1541289360,92,55.34,-131.65,50.0,6.93
563,Cabras,92,CO,1541292569,97,5.5,-75.6,59.33,1.48
564,Boyolangu,48,ID,1541292569,81,-8.09,111.9,74.81,4.88
565,Port Hedland,0,AU,1541291400,24,-20.31,118.58,93.2,9.17
566,Vao,0,EE,1541292570,96,59.1,26.19,39.48,7.0
567,Wajir,32,KE,1541292570,78,1.75,40.07,74.54,8.9
568,Vera Cruz,76,BR,1541292571,96,-22.22,-49.82,69.36,2.08
569,Cabedelo,40,BR,1541289600,78,-6.97,-34.84,78.8,12.75
570,Hami,0,CN,1541292527,69,42.84,93.51,20.67,5.55
